{
  "last_node_id": 54,
  "last_link_id": 61,
  "nodes": [
    {
      "id": 4,
      "type": "CheckpointLoaderSimple",
      "pos": [
        -576.0994528696324,
        533.7472405565425
      ],
      "size": {
        "0": 315,
        "1": 98
      },
      "flags": {},
      "order": 0,
      "mode": 2,
      "outputs": [
        {
          "name": "MODEL",
          "type": "MODEL",
          "links": [
            1
          ],
          "slot_index": 0
        },
        {
          "name": "CLIP",
          "type": "CLIP",
          "links": [
            5,
            12
          ],
          "slot_index": 1
        },
        {
          "name": "VAE",
          "type": "VAE",
          "links": [
            8
          ],
          "slot_index": 2
        }
      ],
      "properties": {
        "Node name for S&R": "CheckpointLoaderSimple"
      },
      "widgets_values": [
        "sd_xl_base_1.0.safetensors"
      ]
    },
    {
      "id": 5,
      "type": "EmptyLatentImage",
      "pos": [
        383.9005471303675,
        513.7472405565424
      ],
      "size": {
        "0": 315,
        "1": 106
      },
      "flags": {},
      "order": 1,
      "mode": 2,
      "outputs": [
        {
          "name": "LATENT",
          "type": "LATENT",
          "links": [
            2
          ],
          "slot_index": 0
        }
      ],
      "properties": {
        "Node name for S&R": "EmptyLatentImage"
      },
      "widgets_values": [
        512,
        512,
        2
      ]
    },
    {
      "id": 3,
      "type": "KSampler",
      "pos": [
        833.9005471303689,
        453.74724055654235
      ],
      "size": {
        "0": 315,
        "1": 262
      },
      "flags": {},
      "order": 13,
      "mode": 2,
      "inputs": [
        {
          "name": "model",
          "type": "MODEL",
          "link": 1
        },
        {
          "name": "positive",
          "type": "CONDITIONING",
          "link": 13
        },
        {
          "name": "negative",
          "type": "CONDITIONING",
          "link": 6
        },
        {
          "name": "latent_image",
          "type": "LATENT",
          "link": 2
        }
      ],
      "outputs": [
        {
          "name": "LATENT",
          "type": "LATENT",
          "links": [
            7
          ],
          "slot_index": 0
        }
      ],
      "properties": {
        "Node name for S&R": "KSampler"
      },
      "widgets_values": [
        395416301629486,
        "randomize",
        20,
        8,
        "dpmpp_2m",
        "karras",
        1
      ]
    },
    {
      "id": 8,
      "type": "VAEDecode",
      "pos": [
        1293.9005471303676,
        453.74724055654235
      ],
      "size": {
        "0": 210,
        "1": 46
      },
      "flags": {},
      "order": 18,
      "mode": 2,
      "inputs": [
        {
          "name": "samples",
          "type": "LATENT",
          "link": 7
        },
        {
          "name": "vae",
          "type": "VAE",
          "link": 8
        }
      ],
      "outputs": [
        {
          "name": "IMAGE",
          "type": "IMAGE",
          "links": [
            17
          ],
          "slot_index": 0
        }
      ],
      "properties": {
        "Node name for S&R": "VAEDecode"
      }
    },
    {
      "id": 9,
      "type": "SaveImage",
      "pos": [
        1603.9005471303676,
        453.74724055654235
      ],
      "size": {
        "0": 210,
        "1": 270
      },
      "flags": {},
      "order": 21,
      "mode": 2,
      "inputs": [
        {
          "name": "images",
          "type": "IMAGE",
          "link": 17
        }
      ],
      "properties": {},
      "widgets_values": [
        "ComfyUI"
      ]
    },
    {
      "id": 14,
      "type": "CLIPTextEncode",
      "pos": [
        -146.09945286963242,
        323.74724055654235
      ],
      "size": {
        "0": 400,
        "1": 200
      },
      "flags": {},
      "order": 7,
      "mode": 2,
      "inputs": [
        {
          "name": "clip",
          "type": "CLIP",
          "link": 12
        }
      ],
      "outputs": [
        {
          "name": "CONDITIONING",
          "type": "CONDITIONING",
          "links": [
            13
          ],
          "shape": 3,
          "slot_index": 0
        }
      ],
      "properties": {
        "Node name for S&R": "CLIPTextEncode"
      },
      "widgets_values": [
        "JOKER sitting on the steps, red suit, red pants, yellow jacket, white, mask, real photo, 4k, masterpiece"
      ],
      "color": "#232",
      "bgcolor": "#353"
    },
    {
      "id": 7,
      "type": "CLIPTextEncode",
      "pos": [
        -146.09945286963242,
        673.7472405565424
      ],
      "size": {
        "0": 425.27801513671875,
        "1": 180.6060791015625
      },
      "flags": {},
      "order": 6,
      "mode": 2,
      "inputs": [
        {
          "name": "clip",
          "type": "CLIP",
          "link": 5
        }
      ],
      "outputs": [
        {
          "name": "CONDITIONING",
          "type": "CONDITIONING",
          "links": [
            6
          ],
          "slot_index": 0
        }
      ],
      "properties": {
        "Node name for S&R": "CLIPTextEncode"
      },
      "widgets_values": [
        "blur, gloves"
      ],
      "color": "#322",
      "bgcolor": "#533"
    },
    {
      "id": 22,
      "type": "VAEDecode",
      "pos": [
        2040,
        1440
      ],
      "size": {
        "0": 210,
        "1": 46
      },
      "flags": {},
      "order": 22,
      "mode": 2,
      "inputs": [
        {
          "name": "samples",
          "type": "LATENT",
          "link": 23
        },
        {
          "name": "vae",
          "type": "VAE",
          "link": 24
        }
      ],
      "outputs": [
        {
          "name": "IMAGE",
          "type": "IMAGE",
          "links": [
            25
          ],
          "slot_index": 0
        }
      ],
      "properties": {
        "Node name for S&R": "VAEDecode"
      }
    },
    {
      "id": 23,
      "type": "SaveImage",
      "pos": [
        2340,
        1440
      ],
      "size": {
        "0": 210,
        "1": 270
      },
      "flags": {},
      "order": 24,
      "mode": 2,
      "inputs": [
        {
          "name": "images",
          "type": "IMAGE",
          "link": 25
        }
      ],
      "properties": {},
      "widgets_values": [
        "ComfyUI"
      ]
    },
    {
      "id": 21,
      "type": "CLIPTextEncode",
      "pos": [
        -110,
        1600
      ],
      "size": {
        "0": 425.27801513671875,
        "1": 180.6060791015625
      },
      "flags": {},
      "order": 8,
      "mode": 2,
      "inputs": [
        {
          "name": "clip",
          "type": "CLIP",
          "link": 22
        }
      ],
      "outputs": [
        {
          "name": "CONDITIONING",
          "type": "CONDITIONING",
          "links": [
            20
          ],
          "slot_index": 0
        }
      ],
      "properties": {
        "Node name for S&R": "CLIPTextEncode"
      },
      "widgets_values": [
        "blur, gloves"
      ],
      "color": "#322",
      "bgcolor": "#533"
    },
    {
      "id": 24,
      "type": "CLIPTextEncode",
      "pos": [
        -110,
        1250
      ],
      "size": {
        "0": 400,
        "1": 200
      },
      "flags": {},
      "order": 9,
      "mode": 2,
      "inputs": [
        {
          "name": "clip",
          "type": "CLIP",
          "link": 26
        }
      ],
      "outputs": [
        {
          "name": "CONDITIONING",
          "type": "CONDITIONING",
          "links": [
            19
          ],
          "shape": 3,
          "slot_index": 0
        }
      ],
      "properties": {
        "Node name for S&R": "CLIPTextEncode"
      },
      "widgets_values": [
        "JOKER sitting on the steps, red suit, red pants, yellow jacket, white, mask, real photo, 4k, masterpiece"
      ],
      "color": "#232",
      "bgcolor": "#353"
    },
    {
      "id": 19,
      "type": "CheckpointLoaderSimple",
      "pos": [
        -610,
        1440
      ],
      "size": {
        "0": 315,
        "1": 98
      },
      "flags": {},
      "order": 2,
      "mode": 2,
      "outputs": [
        {
          "name": "MODEL",
          "type": "MODEL",
          "links": [
            18
          ],
          "slot_index": 0
        },
        {
          "name": "CLIP",
          "type": "CLIP",
          "links": [
            22,
            26
          ],
          "slot_index": 1
        },
        {
          "name": "VAE",
          "type": "VAE",
          "links": [
            24,
            29
          ],
          "slot_index": 2
        }
      ],
      "properties": {
        "Node name for S&R": "CheckpointLoaderSimple"
      },
      "widgets_values": [
        "sd_xl_base_1.0.safetensors"
      ]
    },
    {
      "id": 26,
      "type": "VAEEncodeTiled",
      "pos": [
        840,
        1500
      ],
      "size": {
        "0": 315,
        "1": 78
      },
      "flags": {},
      "order": 10,
      "mode": 2,
      "inputs": [
        {
          "name": "pixels",
          "type": "IMAGE",
          "link": 27
        },
        {
          "name": "vae",
          "type": "VAE",
          "link": 29
        }
      ],
      "outputs": [
        {
          "name": "LATENT",
          "type": "LATENT",
          "links": [
            30
          ],
          "shape": 3,
          "slot_index": 0
        }
      ],
      "properties": {
        "Node name for S&R": "VAEEncodeTiled"
      },
      "widgets_values": [
        512
      ]
    },
    {
      "id": 25,
      "type": "LoadImage",
      "pos": [
        420,
        1500
      ],
      "size": {
        "0": 315,
        "1": 314.0000305175781
      },
      "flags": {},
      "order": 3,
      "mode": 2,
      "outputs": [
        {
          "name": "IMAGE",
          "type": "IMAGE",
          "links": [
            27
          ],
          "shape": 3,
          "slot_index": 0
        },
        {
          "name": "MASK",
          "type": "MASK",
          "links": null,
          "shape": 3
        }
      ],
      "properties": {
        "Node name for S&R": "LoadImage"
      },
      "widgets_values": [
        "ComfyUI_00028_.png",
        "image"
      ]
    },
    {
      "id": 27,
      "type": "LatentUpscale",
      "pos": [
        1240,
        1500
      ],
      "size": {
        "0": 315,
        "1": 130
      },
      "flags": {},
      "order": 14,
      "mode": 2,
      "inputs": [
        {
          "name": "samples",
          "type": "LATENT",
          "link": 30
        }
      ],
      "outputs": [
        {
          "name": "LATENT",
          "type": "LATENT",
          "links": [
            31
          ],
          "shape": 3,
          "slot_index": 0
        }
      ],
      "properties": {
        "Node name for S&R": "LatentUpscale"
      },
      "widgets_values": [
        "nearest-exact",
        800,
        800,
        "disabled"
      ]
    },
    {
      "id": 18,
      "type": "KSampler",
      "pos": [
        1650,
        1440
      ],
      "size": {
        "0": 315,
        "1": 262
      },
      "flags": {},
      "order": 19,
      "mode": 2,
      "inputs": [
        {
          "name": "model",
          "type": "MODEL",
          "link": 18
        },
        {
          "name": "positive",
          "type": "CONDITIONING",
          "link": 19
        },
        {
          "name": "negative",
          "type": "CONDITIONING",
          "link": 20
        },
        {
          "name": "latent_image",
          "type": "LATENT",
          "link": 31
        }
      ],
      "outputs": [
        {
          "name": "LATENT",
          "type": "LATENT",
          "links": [
            23
          ],
          "slot_index": 0
        }
      ],
      "properties": {
        "Node name for S&R": "KSampler"
      },
      "widgets_values": [
        106962571136807,
        "randomize",
        20,
        8,
        "dpmpp_2m",
        "karras",
        0.72
      ]
    },
    {
      "id": 48,
      "type": "VAEDecode",
      "pos": [
        2170,
        2370
      ],
      "size": {
        "0": 210,
        "1": 46
      },
      "flags": {},
      "order": 23,
      "mode": 0,
      "inputs": [
        {
          "name": "samples",
          "type": "LATENT",
          "link": 50
        },
        {
          "name": "vae",
          "type": "VAE",
          "link": 51
        }
      ],
      "outputs": [
        {
          "name": "IMAGE",
          "type": "IMAGE",
          "links": [
            52
          ],
          "slot_index": 0
        }
      ],
      "properties": {
        "Node name for S&R": "VAEDecode"
      }
    },
    {
      "id": 49,
      "type": "SaveImage",
      "pos": [
        2470,
        2370
      ],
      "size": {
        "0": 210,
        "1": 270
      },
      "flags": {},
      "order": 25,
      "mode": 0,
      "inputs": [
        {
          "name": "images",
          "type": "IMAGE",
          "link": 52
        }
      ],
      "properties": {},
      "widgets_values": [
        "ComfyUI"
      ]
    },
    {
      "id": 51,
      "type": "LoadImage",
      "pos": [
        610,
        2390
      ],
      "size": {
        "0": 315,
        "1": 314.0000305175781
      },
      "flags": {},
      "order": 4,
      "mode": 0,
      "outputs": [
        {
          "name": "IMAGE",
          "type": "IMAGE",
          "links": [
            54
          ],
          "shape": 3,
          "slot_index": 0
        },
        {
          "name": "MASK",
          "type": "MASK",
          "links": null,
          "shape": 3
        }
      ],
      "properties": {
        "Node name for S&R": "LoadImage"
      },
      "widgets_values": [
        "ComfyUI_00028_.png",
        "image"
      ]
    },
    {
      "id": 52,
      "type": "VAEEncodeTiled",
      "pos": [
        990,
        2390
      ],
      "size": {
        "0": 315,
        "1": 78
      },
      "flags": {},
      "order": 12,
      "mode": 0,
      "inputs": [
        {
          "name": "pixels",
          "type": "IMAGE",
          "link": 54
        },
        {
          "name": "vae",
          "type": "VAE",
          "link": 55
        }
      ],
      "outputs": [
        {
          "name": "LATENT",
          "type": "LATENT",
          "links": [
            56
          ],
          "shape": 3,
          "slot_index": 0
        }
      ],
      "properties": {
        "Node name for S&R": "VAEEncodeTiled"
      },
      "widgets_values": [
        512
      ]
    },
    {
      "id": 47,
      "type": "CLIPTextEncode",
      "pos": [
        120,
        2530
      ],
      "size": {
        "0": 425.27801513671875,
        "1": 180.6060791015625
      },
      "flags": {},
      "order": 15,
      "mode": 0,
      "inputs": [
        {
          "name": "clip",
          "type": "CLIP",
          "link": 59
        }
      ],
      "outputs": [
        {
          "name": "CONDITIONING",
          "type": "CONDITIONING",
          "links": [
            47
          ],
          "slot_index": 0
        }
      ],
      "properties": {
        "Node name for S&R": "CLIPTextEncode"
      },
      "widgets_values": [
        "score_6, score_5, score_4, futanari, (child), (loli), marvel style, western art, disney style, pixar style, chibi, busty, (large breasts:0.3), wes anderson style, ugly face, mutated hands,  gang-signs, expressive hand gestures, many fingers, low res, blurry face, black and white, furry"
      ],
      "color": "#322",
      "bgcolor": "#533"
    },
    {
      "id": 46,
      "type": "CheckpointLoaderSimple",
      "pos": [
        -590,
        2370
      ],
      "size": {
        "0": 315,
        "1": 98
      },
      "flags": {},
      "order": 5,
      "mode": 0,
      "outputs": [
        {
          "name": "MODEL",
          "type": "MODEL",
          "links": [
            57
          ],
          "slot_index": 0
        },
        {
          "name": "CLIP",
          "type": "CLIP",
          "links": [
            58
          ],
          "slot_index": 1
        },
        {
          "name": "VAE",
          "type": "VAE",
          "links": [
            51,
            55
          ],
          "slot_index": 2
        }
      ],
      "properties": {
        "Node name for S&R": "CheckpointLoaderSimple"
      },
      "widgets_values": [
        "sd_xl_base_1.0.safetensors"
      ]
    },
    {
      "id": 54,
      "type": "LoraLoader",
      "pos": [
        -240,
        2370
      ],
      "size": {
        "0": 315,
        "1": 126
      },
      "flags": {},
      "order": 11,
      "mode": 0,
      "inputs": [
        {
          "name": "model",
          "type": "MODEL",
          "link": 57
        },
        {
          "name": "clip",
          "type": "CLIP",
          "link": 58
        }
      ],
      "outputs": [
        {
          "name": "MODEL",
          "type": "MODEL",
          "links": [
            61
          ],
          "shape": 3,
          "slot_index": 0
        },
        {
          "name": "CLIP",
          "type": "CLIP",
          "links": [
            59,
            60
          ],
          "shape": 3,
          "slot_index": 1
        }
      ],
      "properties": {
        "Node name for S&R": "LoraLoader"
      },
      "widgets_values": [
        "Tarot_Card.safetensors",
        1,
        1
      ]
    },
    {
      "id": 53,
      "type": "LatentUpscale",
      "pos": [
        1370,
        2390
      ],
      "size": {
        "0": 315,
        "1": 130
      },
      "flags": {},
      "order": 17,
      "mode": 0,
      "inputs": [
        {
          "name": "samples",
          "type": "LATENT",
          "link": 56
        }
      ],
      "outputs": [
        {
          "name": "LATENT",
          "type": "LATENT",
          "links": [
            48
          ],
          "shape": 3,
          "slot_index": 0
        }
      ],
      "properties": {
        "Node name for S&R": "LatentUpscale"
      },
      "widgets_values": [
        "nearest-exact",
        544,
        960,
        "disabled"
      ]
    },
    {
      "id": 50,
      "type": "CLIPTextEncode",
      "pos": [
        120,
        2180
      ],
      "size": {
        "0": 400,
        "1": 200
      },
      "flags": {},
      "order": 16,
      "mode": 0,
      "inputs": [
        {
          "name": "clip",
          "type": "CLIP",
          "link": 60
        }
      ],
      "outputs": [
        {
          "name": "CONDITIONING",
          "type": "CONDITIONING",
          "links": [
            46
          ],
          "shape": 3,
          "slot_index": 0
        }
      ],
      "properties": {
        "Node name for S&R": "CLIPTextEncode"
      },
      "widgets_values": [
        "JOKER walk to the cliff, tarot card, the fool, bag in hand, dog, woodcut illustration, intricate, vintage, textured paper"
      ],
      "color": "#232",
      "bgcolor": "#353"
    },
    {
      "id": 45,
      "type": "KSampler",
      "pos": [
        1780,
        2370
      ],
      "size": {
        "0": 315,
        "1": 262
      },
      "flags": {},
      "order": 20,
      "mode": 0,
      "inputs": [
        {
          "name": "model",
          "type": "MODEL",
          "link": 61
        },
        {
          "name": "positive",
          "type": "CONDITIONING",
          "link": 46
        },
        {
          "name": "negative",
          "type": "CONDITIONING",
          "link": 47
        },
        {
          "name": "latent_image",
          "type": "LATENT",
          "link": 48
        }
      ],
      "outputs": [
        {
          "name": "LATENT",
          "type": "LATENT",
          "links": [
            50
          ],
          "slot_index": 0
        }
      ],
      "properties": {
        "Node name for S&R": "KSampler"
      },
      "widgets_values": [
        196539506789938,
        "randomize",
        30,
        8,
        "dpmpp_2m",
        "karras",
        0.8
      ]
    }
  ],
  "links": [
    [
      1,
      4,
      0,
      3,
      0,
      "MODEL"
    ],
    [
      2,
      5,
      0,
      3,
      3,
      "LATENT"
    ],
    [
      5,
      4,
      1,
      7,
      0,
      "CLIP"
    ],
    [
      6,
      7,
      0,
      3,
      2,
      "CONDITIONING"
    ],
    [
      7,
      3,
      0,
      8,
      0,
      "LATENT"
    ],
    [
      8,
      4,
      2,
      8,
      1,
      "VAE"
    ],
    [
      12,
      4,
      1,
      14,
      0,
      "CLIP"
    ],
    [
      13,
      14,
      0,
      3,
      1,
      "CONDITIONING"
    ],
    [
      17,
      8,
      0,
      9,
      0,
      "IMAGE"
    ],
    [
      18,
      19,
      0,
      18,
      0,
      "MODEL"
    ],
    [
      19,
      24,
      0,
      18,
      1,
      "CONDITIONING"
    ],
    [
      20,
      21,
      0,
      18,
      2,
      "CONDITIONING"
    ],
    [
      22,
      19,
      1,
      21,
      0,
      "CLIP"
    ],
    [
      23,
      18,
      0,
      22,
      0,
      "LATENT"
    ],
    [
      24,
      19,
      2,
      22,
      1,
      "VAE"
    ],
    [
      25,
      22,
      0,
      23,
      0,
      "IMAGE"
    ],
    [
      26,
      19,
      1,
      24,
      0,
      "CLIP"
    ],
    [
      27,
      25,
      0,
      26,
      0,
      "IMAGE"
    ],
    [
      29,
      19,
      2,
      26,
      1,
      "VAE"
    ],
    [
      30,
      26,
      0,
      27,
      0,
      "LATENT"
    ],
    [
      31,
      27,
      0,
      18,
      3,
      "LATENT"
    ],
    [
      46,
      50,
      0,
      45,
      1,
      "CONDITIONING"
    ],
    [
      47,
      47,
      0,
      45,
      2,
      "CONDITIONING"
    ],
    [
      48,
      53,
      0,
      45,
      3,
      "LATENT"
    ],
    [
      50,
      45,
      0,
      48,
      0,
      "LATENT"
    ],
    [
      51,
      46,
      2,
      48,
      1,
      "VAE"
    ],
    [
      52,
      48,
      0,
      49,
      0,
      "IMAGE"
    ],
    [
      54,
      51,
      0,
      52,
      0,
      "IMAGE"
    ],
    [
      55,
      46,
      2,
      52,
      1,
      "VAE"
    ],
    [
      56,
      52,
      0,
      53,
      0,
      "LATENT"
    ],
    [
      57,
      46,
      0,
      54,
      0,
      "MODEL"
    ],
    [
      58,
      46,
      1,
      54,
      1,
      "CLIP"
    ],
    [
      59,
      54,
      1,
      47,
      0,
      "CLIP"
    ],
    [
      60,
      54,
      1,
      50,
      0,
      "CLIP"
    ],
    [
      61,
      54,
      0,
      45,
      0,
      "MODEL"
    ]
  ],
  "groups": [
    {
      "title": "t2i",
      "bounding": [
        -642,
        160,
        2507,
        781
      ],
      "color": "#3f789e",
      "font_size": 24
    },
    {
      "title": "i2i",
      "bounding": [
        -652,
        1057,
        3256,
        851
      ],
      "color": "#3f789e",
      "font_size": 24
    },
    {
      "title": "i2i_tarot",
      "bounding": [
        -656,
        2013,
        3377,
        787
      ],
      "color": "#3f789e",
      "font_size": 24
    }
  ],
  "config": {},
  "extra": {
    "ds": {
      "scale": 0.289664379736688,
      "offset": {
        "0": 1456.353179492604,
        "1": -13.763561773291876
      }
    }
  },
  "version": 0.4
}